id_kasus,nama_pelaku,kebangsaan,tahun_lahir,jenis_kejahatan,tanggal_kejadian,lokasi,hukuman,korban,fakta_penting
K1,John Doe,USA,1985,Pembunuhan,2020-06-15,New York,Dibui seumur hidup,Korban: Jane Smith,Tertangkap CCTV
K2,Ahmad S,Indonesia,1990,Pencurian,2021-01-10,Jakarta,3 tahun penjara,Korban: Toko Elektronik,Barang bukti ditemukan
K3,Maria G,Brazil,1982,Penipuan,2019-11-22,Sao Paulo,5 tahun penjara,Korban: Investor Online,Transaksi palsu
K4,Li Wei,Tiongkok,1975,Korupsi,2018-03-05,Beijing,10 tahun penjara,Negara dirugikan,Dokumen rahasia bocor
K5,Robert K,Canada,1995,Peretasan,2022-08-30,Toronto,2 tahun penjara,Korban: Bank Digital,IP terlacak
K6,Siti L,Malaysia,1988,Penculikan,2020-10-12,Kuala Lumpur,20 tahun penjara,Korban: Anak Artis,Ditemukan di apartemen
K7,Hans M,Jerman,1970,Perdagangan Narkoba,2017-05-25,Berlin,Seumur hidup,Jaringan internasional,Barang bukti: 20kg kokain
K8,Nina R,Rusia,1993,Pembakaran,2021-12-17,Moscow,7 tahun penjara,Korban: Gedung apartemen,Motif dendam
K9,Kevin T,Australia,1980,Penyerangan,2019-09-03,Sydney,1 tahun rehabilitasi,Korban: Polisi,Alasan mabuk
K10,Yuto S,Jepang,1998,Pelecehan Siber,2022-03-20,Tokyo,Denda & observasi,Korban: Influencer,Bukti: Chat & email
